Title,Price,Date
"Gaming Headset with Microphone, Gaming Headphones Stereo 7.1 Surround Sound PS4 Headset 50mm Drivers, 3.5mm Audio Jack Over Ear Headphones Wired for PC Switch Playstation Xbox PS5 Laptop","20.78
                   ",2022-07-02
"Gaming Headset with Microphone, Gaming Headphones Stereo 7.1 Surround Sound PS4 Headset 50mm Drivers, 3.5mm Audio Jack Over Ear Headphones Wired for PC Switch Playstation Xbox PS5 Laptop","20.78
                   ",2022-07-02
"Gaming Headset with Microphone, Gaming Headphones Stereo 7.1 Surround Sound PS4 Headset 50mm Drivers, 3.5mm Audio Jack Over Ear Headphones Wired for PC Switch Playstation Xbox PS5 Laptop","20.78
                   ",2022-07-02
"Gaming Headset with Microphone, Gaming Headphones Stereo 7.1 Surround Sound PS4 Headset 50mm Drivers, 3.5mm Audio Jack Over Ear Headphones Wired for PC Switch Playstation Xbox PS5 Laptop","20.78
                   ",2022-07-02
"Gaming Headset with Microphone, Gaming Headphones Stereo 7.1 Surround Sound PS4 Headset 50mm Drivers, 3.5mm Audio Jack Over Ear Headphones Wired for PC Switch Playstation Xbox PS5 Laptop",20.78,2022-07-02
